Entry_ID,Eye tracking,Imaging structure,Imaging function,Stimuli,Modality,Repetition of encoding trials,Delay
Abbema_2005_Task_1,0.0,0.0,0.0,1.0,1.0,1.0,1.0
Ackerman_1985_Task_1,0.0,0.0,0.0,1.0,1.0,1.0,1.0
Amlien_2018_Task_1,0.0,1.0,1.0,1.0,1.0,1.0,1.0
Amlien_2018_Task_2,0.0,1.0,1.0,1.0,1.0,1.0,1.0
Anastasi_2008_Task_1,0.0,0.0,0.0,1.0,1.0,1.0,1.0
Arciuli_2011_Task_1,0.0,0.0,0.0,1.0,1.0,1.0,1.0
Arterberry_2020_Task_1,0.0,0.0,0.0,1.0,1.0,1.0,1.0
Arterberry_2020_Task_2,0.0,0.0,0.0,1.0,1.0,1.0,1.0
Ashworth_2014_Task_1,0.0,0.0,0.0,1.0,1.0,1.0,1.0
Asso_1978_Task_1,1.0,0.0,0.0,1.0,1.0,1.0,1.0
Asso_1978_Task_2,1.0,0.0,0.0,1.0,1.0,1.0,1.0
Badger_2012_Task_1,0.0,0.0,0.0,1.0,1.0,1.0,1.0
Baker-Ward_1993_Task_1,0.0,0.0,0.0,1.0,1.0,1.0,1.0
Balcomb_2008_Task_1,0.0,0.0,0.0,1.0,1.0,1.0,1.0
Barry_2007_Task_1,0.0,0.0,0.0,1.0,1.0,1.0,1.0
Bauer_2007_Task_1,0.0,0.0,0.0,1.0,1.0,1.0,0.0
Bauer_2010_Task_1,0.0,0.0,0.0,1.0,1.0,1.0,1.0
Bauer_2010_Task_2,0.0,0.0,0.0,1.0,1.0,1.0,1.0
Bauer_2012_Task_1,0.0,0.0,0.0,1.0,1.0,1.0,1.0
Bauer_2012_Task_2,0.0,0.0,0.0,1.0,1.0,1.0,1.0
Bauer_2012b_Task_1,0.0,0.0,0.0,1.0,1.0,1.0,1.0
Bauer_2012b_Task_2,0.0,0.0,0.0,1.0,1.0,1.0,1.0
Bauer_2012c_Task_1,0.0,0.0,0.0,1.0,1.0,1.0,1.0
Bauer_2013b_Task_1,0.0,0.0,0.0,1.0,1.0,1.0,1.0
Bauer_2014_Task_1,0.0,0.0,0.0,1.0,1.0,1.0,0.0
Bauer_2014b_Task_1,0.0,0.0,0.0,1.0,1.0,1.0,1.0
Bauer_2015_Task_1,0.0,0.0,0.0,1.0,1.0,1.0,1.0
Bauer_2015_Task_2,0.0,0.0,0.0,1.0,1.0,1.0,1.0
Bauer_2016_Task_1,0.0,0.0,0.0,1.0,1.0,1.0,1.0
Bauer_2016b_Task_1,1.0,0.0,0.0,1.0,1.0,1.0,1.0
Bauer_2016b_Task_2,1.0,0.0,0.0,1.0,1.0,1.0,1.0
Bauer_2016c_Task_1,0.0,0.0,0.0,1.0,1.0,1.0,1.0
Bauer_2016c_Task_2,0.0,0.0,0.0,1.0,1.0,1.0,1.0
Bauer_2017_Task_1,0.0,0.0,0.0,1.0,1.0,1.0,1.0
Bauer_2017_Task_2,0.0,0.0,0.0,1.0,1.0,1.0,1.0
Bauer_2017b_Task_1,0.0,1.0,1.0,1.0,1.0,1.0,1.0
Bauer_2017b_Task_2,0.0,1.0,1.0,1.0,1.0,1.0,1.0
Bauer_2019_Task_1,0.0,0.0,0.0,1.0,1.0,1.0,1.0
Bauer_2019b_Task_1,0.0,1.0,0.0,1.0,1.0,1.0,1.0
Bauer_2019b_Task_2,0.0,1.0,0.0,1.0,1.0,1.0,1.0
Bauer_2019c_Task_1,0.0,0.0,0.0,1.0,1.0,1.0,1.0
Bauer_2020_Task_1,1.0,0.0,0.0,1.0,1.0,1.0,1.0
Bauer_2020b_Task_1,0.0,0.0,0.0,1.0,1.0,1.0,1.0
Bauer_2020b_Task_2,0.0,0.0,0.0,1.0,1.0,1.0,1.0
Benear_2021_Task_1,0.0,0.0,0.0,1.0,1.0,1.0,1.0
Billingsley_2002_Task_1,0.0,0.0,0.0,1.0,1.0,1.0,1.0
Billingsley_2002_Task_2,0.0,0.0,0.0,1.0,1.0,1.0,1.0
Billingsley_2002_Task_3,0.0,0.0,0.0,1.0,1.0,1.0,1.0
Blanco_2019_Task_1,0.0,0.0,0.0,1.0,1.0,1.0,1.0
Blaye_2006_Task_1,0.0,0.0,0.0,1.0,1.0,1.0,1.0
Botdorf_2019_Task_1,0.0,0.0,0.0,1.0,1.0,1.0,1.0
Botdorf_2019_Task_2,0.0,0.0,0.0,1.0,1.0,1.0,1.0
Botdorf_2019_Task_3,0.0,0.0,0.0,1.0,1.0,1.0,1.0
Botdorf_2019_Task_4,0.0,0.0,0.0,1.0,1.0,1.0,1.0
Botdorf_2019_Task_5,0.0,0.0,0.0,1.0,1.0,1.0,1.0
Bouyeure_2021_Task_1,0.0,1.0,0.0,1.0,1.0,1.0,1.0
Brainerd_1984_Task_1,0.0,0.0,0.0,1.0,1.0,1.0,1.0
Brainerd_1984_Task_2,0.0,0.0,0.0,1.0,1.0,1.0,1.0
Brainerd_1985_Task_1,0.0,0.0,0.0,1.0,1.0,1.0,1.0
Brainerd_1985_Task_2,0.0,0.0,0.0,1.0,1.0,1.0,1.0
Brainerd_1990_Task_1,0.0,0.0,0.0,1.0,1.0,1.0,1.0
Brainerd_1990b_Task_1,0.0,0.0,0.0,1.0,1.0,1.0,1.0
Brainerd_1990b_Task_2,0.0,0.0,0.0,1.0,1.0,1.0,1.0
Brainerd_1990b_Task_3,0.0,0.0,0.0,1.0,1.0,1.0,1.0
Brainerd_1996_Task_1,0.0,0.0,0.0,1.0,1.0,1.0,1.0
Brainerd_2002_Task_1,0.0,0.0,0.0,1.0,1.0,1.0,1.0
Brainerd_2006_Task_1,0.0,0.0,0.0,1.0,1.0,1.0,1.0
Brainerd_2018_Task_1,0.0,0.0,0.0,1.0,1.0,1.0,1.0
Brod_2017_Task_1,0.0,1.0,1.0,1.0,1.0,1.0,1.0
Brod_2017_Task_2,0.0,1.0,1.0,1.0,1.0,1.0,1.0
Brod_2019_Task_1,0.0,1.0,1.0,1.0,1.0,1.0,1.0
Brod_2019_Task_2,0.0,1.0,1.0,1.0,1.0,1.0,1.0
Brod_2019_Task_3,0.0,1.0,1.0,1.0,1.0,1.0,1.0
Brown_1975_Task_1,0.0,0.0,0.0,1.0,1.0,1.0,1.0
Brown_2010_Task_1,0.0,0.0,0.0,1.0,1.0,1.0,1.0
Brown_2010_Task_2,0.0,0.0,0.0,1.0,1.0,0.0,1.0
Brown_2010_Task_3,0.0,0.0,0.0,1.0,1.0,1.0,1.0
Brubacher_2011_Task_1,0.0,0.0,0.0,1.0,1.0,1.0,1.0
Brubacher_2011b_Task_1,0.0,0.0,0.0,1.0,1.0,1.0,1.0
Brubacher_2012_Task_1,0.0,0.0,0.0,1.0,1.0,1.0,1.0
Brubacher_2012_Task_2,0.0,0.0,0.0,1.0,1.0,1.0,1.0
Brubacher_2018_Task_1,0.0,0.0,0.0,1.0,1.0,1.0,1.0
Bryant_1971_Task_1,0.0,0.0,0.0,1.0,1.0,1.0,1.0
Bryant_1971_Task_2,0.0,0.0,0.0,1.0,1.0,1.0,1.0
Bunnell_2018_Task_1,0.0,0.0,0.0,1.0,1.0,1.0,0.0
Bunnell_2018_Task_2,0.0,0.0,0.0,1.0,1.0,0.0,0.0
Burden_2005_Task_1,0.0,0.0,0.0,1.0,1.0,1.0,1.0
Burden_2005_Task_2,0.0,0.0,0.0,1.0,1.0,1.0,1.0
Burden_2005_Task_3,0.0,0.0,0.0,1.0,1.0,1.0,1.0
Burden_2005_Task_4,0.0,0.0,0.0,1.0,1.0,1.0,1.0
Burns_2015_Task_1,0.0,0.0,0.0,1.0,1.0,1.0,1.0
Busby_2005_Task_1,0.0,0.0,0.0,1.0,1.0,0.0,1.0
Canada_2018_Task_1,0.0,1.0,0.0,1.0,1.0,1.0,1.0
Canada_2019_Task_1,0.0,0.0,1.0,1.0,1.0,1.0,1.0
Canada_2020_Task_1,0.0,0.0,0.0,1.0,1.0,1.0,1.0
Canada_2020_Task_2,0.0,0.0,0.0,1.0,1.0,1.0,1.0
Carneiro_2007_Task_1,0.0,0.0,0.0,1.0,1.0,1.0,1.0
Carneiro_2007_Task_2,0.0,0.0,0.0,1.0,1.0,1.0,1.0
Carneiro_2009_Task_1,0.0,0.0,0.0,1.0,1.0,1.0,1.0
Carneiro_2009_Task_2,0.0,0.0,0.0,1.0,1.0,1.0,1.0
Carneiro_2010_Task_1,0.0,0.0,0.0,1.0,1.0,1.0,1.0
Carneiro_2010_Task_2,0.0,0.0,0.0,1.0,1.0,1.0,1.0
Castelli_2014_Task_1,0.0,0.0,0.0,1.0,1.0,1.0,1.0
Ceci_1978_Task_1,0.0,0.0,0.0,1.0,1.0,1.0,1.0
Ceci_1978_Task_2,0.0,0.0,0.0,1.0,1.0,1.0,1.0
Ceci_1978b_Task_1,0.0,0.0,0.0,1.0,1.0,1.0,1.0
Ceci_1980_Task_1,0.0,0.0,0.0,1.0,1.0,1.0,1.0
Ceci_1984_Task_1,0.0,0.0,0.0,1.0,1.0,1.0,1.0
Ceci_2007_Task_1,0.0,0.0,0.0,1.0,1.0,0.0,0.0
Ceci_2007_Task_2,0.0,0.0,0.0,1.0,1.0,1.0,1.0
Ceci_2010_Task_1,0.0,0.0,0.0,1.0,1.0,1.0,1.0
Ceci_2010_Task_2,0.0,0.0,0.0,1.0,1.0,1.0,1.0
Ceci_2010_Task_3,0.0,0.0,0.0,1.0,1.0,1.0,1.0
Chad-Friendman_2020_Task_1,0.0,1.0,0.0,1.0,1.0,1.0,1.0
Chad-Friendman_2020_Task_2,0.0,1.0,0.0,1.0,1.0,1.0,1.0
Chad-Friendman_2020_Task_3,0.0,1.0,0.0,1.0,1.0,1.0,1.0
Chae_2005_Task_1,0.0,0.0,0.0,1.0,1.0,1.0,1.0
Chai_2010_Task_1,0.0,0.0,1.0,1.0,1.0,1.0,0.0
Chai_2014_Task_1,0.0,1.0,1.0,1.0,1.0,1.0,0.0
Chastelaine_2007_Task_1,0.0,0.0,1.0,1.0,1.0,1.0,1.0
Cheke_2015_Task_1,0.0,0.0,0.0,1.0,1.0,1.0,1.0
Cheke_2015_Task_2,0.0,0.0,0.0,1.0,1.0,1.0,1.0
Cheke_2015_Task_3,0.0,0.0,0.0,1.0,1.0,1.0,1.0
Chi_1983_Task_1,0.0,0.0,0.0,1.0,1.0,0.0,1.0
Chi_1983_Task_2,0.0,0.0,0.0,1.0,1.0,1.0,1.0
Chiu_2006_Task_1,0.0,0.0,1.0,1.0,1.0,1.0,0.0
Chiu_2006_Task_2,0.0,0.0,1.0,1.0,1.0,1.0,0.0
Cleveland_2005_Task_1,0.0,0.0,0.0,1.0,1.0,1.0,0.0
Coley_2012_Task_1,0.0,0.0,0.0,1.0,1.0,1.0,1.0
Connolly_2001_Task_1,0.0,0.0,0.0,1.0,1.0,1.0,1.0
Connolly_2001_Task_2,0.0,0.0,0.0,1.0,1.0,1.0,1.0
Connolly_2006_Task_1,0.0,0.0,0.0,1.0,1.0,1.0,1.0
Crookes_2009_Task_1,0.0,0.0,0.0,1.0,1.0,1.0,1.0
Crookes_2009_Task_2,0.0,0.0,0.0,1.0,1.0,1.0,1.0
Cuevas_2015_Task_1,0.0,0.0,0.0,1.0,1.0,1.0,1.0
Cuevas_2015_Task_2,0.0,0.0,0.0,1.0,1.0,1.0,0.0
Cuevas_2015_Task_3,0.0,0.0,0.0,1.0,1.0,1.0,1.0
Cuvo_1975_Task_1,0.0,0.0,0.0,1.0,1.0,1.0,1.0
Cycowicz_2000_Task_1,0.0,0.0,0.0,1.0,1.0,1.0,1.0
Cycowicz_2000_Task_2,0.0,0.0,0.0,1.0,1.0,1.0,1.0
Cycowicz_2000_Task_3,0.0,0.0,0.0,1.0,1.0,1.0,1.0
Cycowicz_2001_Task_1,0.0,0.0,0.0,1.0,1.0,1.0,1.0
Cycowicz_2001_Task_2,0.0,0.0,0.0,1.0,1.0,1.0,1.0
Cycowicz_2001_Task_3,0.0,0.0,0.0,1.0,1.0,1.0,1.0
Czernochowski_2009_Task_1,0.0,0.0,1.0,1.0,1.0,1.0,1.0
Czernochowski_2009_Task_1,0.0,0.0,1.0,1.0,1.0,1.0,1.0
Danby_2017_Task_1,0.0,0.0,0.0,1.0,1.0,1.0,1.0
Danby_2017b_Task_1,0.0,0.0,0.0,1.0,1.0,1.0,1.0
Darby_2015_Task_1,0.0,0.0,0.0,1.0,1.0,1.0,1.0
Darby_2015b_Task_1,0.0,0.0,0.0,1.0,1.0,1.0,1.0
Daugherty_2015_Task_1,0.0,0.0,0.0,1.0,1.0,1.0,1.0
Daugherty_2015_Task_2,0.0,0.0,0.0,1.0,1.0,1.0,1.0
Daugherty_2017_Task_1,0.0,1.0,0.0,1.0,1.0,1.0,1.0
Daugherty_2017_Task_2,0.0,1.0,0.0,1.0,1.0,1.0,1.0
Day_1998_Task_1,0.0,0.0,0.0,1.0,1.0,1.0,1.0
Delgado_2011_Task_1,0.0,0.0,0.0,1.0,1.0,1.0,1.0
DeMarie_2003_Task_1,0.0,0.0,0.0,1.0,1.0,1.0,1.0
DeMarie_2003_Task_2,0.0,0.0,0.0,1.0,1.0,1.0,1.0
DeMarie_2003_Task_3,0.0,0.0,0.0,1.0,1.0,1.0,1.0
DeMarie_2003_Task_5,0.0,0.0,0.0,1.0,1.0,1.0,1.0
DeMarie_2003_Task_6,0.0,0.0,0.0,1.0,1.0,1.0,0.0
DeMaster_2013_Task_1,0.0,0.0,1.0,1.0,1.0,1.0,1.0
DeMaster_2013_Task_2,0.0,0.0,1.0,1.0,1.0,1.0,1.0
DeMaster_2013b_Task_1,0.0,1.0,1.0,1.0,1.0,1.0,1.0
DeMaster_2013b_Task_2,0.0,1.0,1.0,1.0,1.0,1.0,1.0
DeMaster_2014_Task_1,0.0,1.0,0.0,1.0,1.0,1.0,1.0
DeMaster_2014_Task_2,0.0,1.0,0.0,1.0,1.0,1.0,1.0
DeMaster_2014_Task_3,0.0,1.0,0.0,1.0,1.0,1.0,1.0
DeMaster_2014_Task_4,0.0,1.0,0.0,1.0,1.0,1.0,1.0
DeMaster_2016_Task_1,0.0,0.0,1.0,1.0,1.0,1.0,1.0
Deng_2012_Task_1,0.0,0.0,0.0,1.0,1.0,1.0,1.0
Deng_2013_Task_1,0.0,0.0,0.0,1.0,1.0,1.0,1.0
Deng_2013_Task_2,0.0,0.0,0.0,1.0,1.0,1.0,1.0
Deng_2015_Task_1,0.0,0.0,0.0,1.0,1.0,1.0,1.0
Deng_2015_Task_2,0.0,0.0,0.0,1.0,1.0,1.0,1.0
Deng_2016_Task_1,0.0,0.0,0.0,1.0,1.0,1.0,1.0
Deng_2016_Task_2,0.0,0.0,0.0,1.0,1.0,1.0,1.0
Destan_2014_Task_1,0.0,0.0,0.0,1.0,1.0,1.0,1.0
Dewhurst_2004_Task_1,0.0,0.0,0.0,1.0,1.0,1.0,1.0
Drummey_1995_Task_1,0.0,0.0,0.0,1.0,1.0,1.0,1.0
Drummey_1995_Task_2,0.0,0.0,0.0,1.0,1.0,1.0,1.0
Drummey_2002_Task_1,0.0,0.0,0.0,1.0,1.0,1.0,1.0
Drummey_2002_Task_2,0.0,0.0,0.0,1.0,1.0,1.0,1.0
Drummey_2002_Task_3,0.0,0.0,0.0,1.0,1.0,1.0,0.0
Duffy_2006_Task_1,0.0,0.0,0.0,1.0,1.0,1.0,1.0
Duncan_1982_Task_1,0.0,0.0,0.0,1.0,1.0,1.0,1.0
Duncan_1982_Task_2,0.0,0.0,0.0,1.0,1.0,1.0,1.0
Earhart_2014_Task_1,0.0,0.0,0.0,1.0,1.0,1.0,1.0
Earhart_2014_Task_2,0.0,0.0,0.0,1.0,1.0,1.0,1.0
Earhart_2014_Task_3,0.0,0.0,0.0,1.0,1.0,1.0,1.0
Esposito_2017_Task_1,0.0,0.0,0.0,1.0,1.0,1.0,1.0
Esposito_2017_Task_2,0.0,0.0,0.0,1.0,1.0,1.0,1.0
Esposito_2018_Task_1,0.0,0.0,0.0,1.0,1.0,1.0,1.0
Esposito_2019_Task_1,0.0,0.0,0.0,1.0,1.0,1.0,1.0
Esposito_2019_Task_2,0.0,0.0,0.0,1.0,1.0,1.0,1.0
Fandakova_2013_Task_1,0.0,0.0,0.0,1.0,1.0,1.0,1.0
Fandakova_2017_Task_1,0.0,1.0,0.0,1.0,1.0,1.0,1.0
Fandakova_2018_Task_1,0.0,1.0,1.0,1.0,1.0,1.0,1.0
Fandakova_2018_Task_2,0.0,1.0,1.0,1.0,1.0,1.0,1.0
Fandakova_2019_Task_1,0.0,1.0,1.0,1.0,1.0,1.0,1.0
Fandakova_2019_Task_2,0.0,1.0,1.0,1.0,1.0,1.0,1.0
Fandakova_2019_Task_3,0.0,1.0,1.0,1.0,1.0,1.0,1.0
Farrar_1999_Task_1,0.0,0.0,0.0,1.0,1.0,1.0,1.0
Fazio_2008_Task_1,0.0,0.0,0.0,1.0,1.0,1.0,1.0
Fazio_2008_Task_2,0.0,0.0,0.0,1.0,1.0,1.0,1.0
Finn_2019_Task_1,0.0,1.0,0.0,1.0,1.0,1.0,1.0
Fischer_2007_Task_1,0.0,0.0,0.0,1.0,1.0,1.0,1.0
Fisher_2005_Task_1,0.0,0.0,0.0,1.0,1.0,1.0,1.0
Fisher_2005_Task_2,0.0,0.0,0.0,1.0,1.0,1.0,1.0
Fisher_2005_Task_3,0.0,0.0,0.0,1.0,1.0,1.0,1.0
Fisher_2011_Task_1,0.0,0.0,0.0,1.0,1.0,1.0,1.0
Fisher_2011b_Task_1,0.0,0.0,0.0,1.0,1.0,1.0,1.0
Fitzgerald_1991_Task_1,0.0,0.0,0.0,1.0,1.0,1.0,0.0
Fivush_1984_Task_1,0.0,0.0,0.0,1.0,1.0,0.0,0.0
Fivush_1984_Task_2,0.0,0.0,0.0,1.0,1.0,0.0,0.0
Fivush_1985_Task_1,0.0,0.0,0.0,1.0,1.0,0.0,1.0
Fivush_1985_Task_2,0.0,0.0,0.0,1.0,1.0,1.0,1.0
Fivush_1989_Task_1,0.0,0.0,0.0,1.0,1.0,1.0,1.0
Fivush_1989_Task_2,0.0,0.0,0.0,1.0,1.0,1.0,1.0
Fivush_1992_Task_1,0.0,0.0,0.0,1.0,1.0,1.0,1.0
Fivush_1992_Task_2,0.0,0.0,0.0,1.0,1.0,1.0,1.0
Fjell_2019_Task_1,0.0,1.0,0.0,1.0,1.0,1.0,1.0
Fjell_2019_Task_2,0.0,1.0,0.0,1.0,1.0,1.0,1.0
Flavell_1970_Task_1,0.0,0.0,0.0,1.0,1.0,1.0,1.0
Foley_1983_Task_1,0.0,0.0,0.0,1.0,1.0,1.0,1.0
Foley_1983_Task_2,0.0,0.0,0.0,1.0,1.0,1.0,1.0
Foley_1985_Task_1,0.0,0.0,0.0,1.0,1.0,1.0,1.0
Foley_1987_Task_1,0.0,0.0,0.0,1.0,1.0,1.0,0.0
Foley_1989_Task_1,0.0,0.0,0.0,1.0,1.0,1.0,1.0
Foley_1991_Task_1,0.0,0.0,0.0,1.0,1.0,1.0,1.0
Foley_1993_Task_1,0.0,0.0,0.0,1.0,1.0,1.0,1.0
Foley_1993_Task_2,0.0,0.0,0.0,1.0,1.0,1.0,1.0
Foley_1994_Task_1,0.0,0.0,0.0,1.0,1.0,1.0,1.0
Foley_1994_Task_2,0.0,0.0,0.0,1.0,1.0,1.0,1.0
Friedman_2010_Task_1,0.0,0.0,0.0,1.0,1.0,1.0,1.0
Friedman_2010_Task_2,0.0,0.0,0.0,1.0,1.0,1.0,1.0
Friedman_2011_Task_1,0.0,0.0,0.0,1.0,1.0,1.0,1.0
Friedman_2011_Task_2,0.0,0.0,0.0,0.0,0.0,1.0,1.0
Friedman_2011_Task_3,0.0,0.0,0.0,0.0,0.0,1.0,1.0
Gee_1995_Task_1,0.0,0.0,0.0,1.0,1.0,1.0,1.0
Geng_2018_Task_1,0.0,0.0,1.0,1.0,1.0,1.0,1.0
Geng_2018_Task_2,0.0,0.0,1.0,1.0,1.0,1.0,1.0
Geng_2019_Task_1,0.0,0.0,1.0,1.0,1.0,1.0,1.0
Geng_2019_Task_2,0.0,0.0,1.0,1.0,1.0,1.0,1.0
Geng_2019_Task_3,0.0,0.0,1.0,1.0,1.0,1.0,1.0
Ghetti_2002_Task_1,0.0,0.0,0.0,1.0,1.0,1.0,1.0
Ghetti_2002_Task_2,0.0,0.0,0.0,1.0,1.0,1.0,1.0
Ghetti_2002_Task_3,0.0,0.0,0.0,1.0,1.0,1.0,1.0
Ghetti_2002_Task_4,0.0,0.0,0.0,1.0,1.0,1.0,1.0
Ghetti_2008_Task_1,0.0,0.0,0.0,1.0,1.0,1.0,1.0
Ghetti_2008_Task_2,0.0,0.0,0.0,1.0,1.0,1.0,1.0
Ghetti_2008b_Task_1,0.0,0.0,0.0,1.0,1.0,1.0,1.0
Ghetti_2008b_Task_2,0.0,0.0,0.0,1.0,1.0,1.0,1.0
Ghetti_2010_Task_1,0.0,0.0,0.0,1.0,1.0,1.0,1.0
Ghetti_2010b_Task_1,0.0,1.0,1.0,1.0,1.0,1.0,1.0
Ghetti_2010b_Task_2,0.0,1.0,1.0,1.0,1.0,1.0,1.0
Ghetti_2010c_Task_1,0.0,0.0,0.0,1.0,1.0,1.0,0.0
Ghetti_2010c_Task_2,0.0,0.0,0.0,1.0,1.0,1.0,0.0
Ghetti_2011_Task_1,0.0,0.0,0.0,1.0,1.0,1.0,1.0
Ghetti_2011_Task_2,0.0,0.0,0.0,1.0,1.0,1.0,1.0
Goodman_1980_Task_1,0.0,0.0,0.0,1.0,1.0,1.0,1.0
Gosse_2014_Task_1,0.0,0.0,0.0,0.0,0.0,1.0,1.0
Grammer_2011_Task_1,0.0,0.0,0.0,1.0,1.0,1.0,1.0
Grammer_2013_Task_1,0.0,0.0,0.0,1.0,1.0,1.0,1.0
Grammer_2013_Task_2,0.0,0.0,0.0,1.0,1.0,1.0,1.0
Grammer_2013_Task_3,0.0,0.0,0.0,1.0,1.0,1.0,1.0
Greenbaum_1989_Task_1,0.0,0.0,0.0,1.0,1.0,1.0,1.0
Greenbaum_1989_Task_2,0.0,0.0,0.0,1.0,1.0,1.0,0.0
Greenhoot_2006_Task_1,0.0,0.0,0.0,1.0,1.0,1.0,1.0
Gross_2016_Task_1,0.0,0.0,0.0,1.0,1.0,1.0,1.0
Guerten_2020_Task_1,0.0,0.0,0.0,1.0,1.0,1.0,1.0
Guerten_2020_Task_2,0.0,0.0,0.0,1.0,1.0,1.0,1.0
Guerten_2020_Task_3,0.0,0.0,0.0,1.0,1.0,1.0,1.0
Gulya_2002_Task_1,0.0,0.0,0.0,1.0,1.0,1.0,1.0
Gulya_2002_Task_2,0.0,0.0,0.0,1.0,1.0,1.0,1.0
Guttentag_2003_Task_1,0.0,0.0,0.0,1.0,1.0,1.0,1.0
Guttentag_2003_Task_2,0.0,0.0,0.0,1.0,1.0,1.0,1.0
Hala_2005_Task_1,0.0,0.0,0.0,1.0,1.0,1.0,1.0
Hala_2005_Task_2,0.0,0.0,0.0,1.0,1.0,1.0,1.0
Halford_1977_Task_1,0.0,0.0,0.0,1.0,1.0,1.0,1.0
Halford_1977_Task_2,0.0,0.0,0.0,1.0,1.0,1.0,1.0
Hammer_2009_Task_1,0.0,0.0,0.0,1.0,1.0,1.0,1.0
Harris_1975_Task_1,0.0,0.0,0.0,1.0,1.0,1.0,1.0
Harris_1975_Task_2,0.0,0.0,0.0,1.0,1.0,1.0,1.0
Hashimoto_1991_Task_1,0.0,0.0,0.0,1.0,1.0,1.0,1.0
Hassevoort_2020_Task_1,0.0,0.0,0.0,1.0,1.0,1.0,1.0
Hassevoort_2020_Task_2,0.0,0.0,0.0,1.0,1.0,1.0,1.0
Hassevoort_2020_Task_3,0.0,0.0,0.0,1.0,1.0,1.0,1.0
Hayes_1996_Task_1,0.0,0.0,0.0,1.0,1.0,1.0,1.0
Hayes_1996_Task_2,0.0,0.0,0.0,1.0,1.0,1.0,1.0
Hayes_2013_Task_1,0.0,0.0,0.0,1.0,1.0,1.0,1.0
Hayes_2013_Task_2,0.0,0.0,0.0,1.0,1.0,1.0,1.0
Hayes_2017_Task_1,0.0,0.0,0.0,1.0,1.0,1.0,1.0
Hayes_2017_Task_2,0.0,0.0,0.0,1.0,1.0,1.0,1.0
Hayes_2017_Task_3,0.0,0.0,0.0,1.0,1.0,1.0,1.0
Hayne_2011_Task_1,0.0,0.0,0.0,1.0,1.0,1.0,1.0
Hayne_2011_Task_2,0.0,0.0,0.0,1.0,1.0,1.0,1.0
Hayne_2011_Task_3,0.0,0.0,0.0,1.0,1.0,1.0,1.0
Hayne_2011_Task_4,0.0,0.0,0.0,1.0,1.0,1.0,1.0
Hembacher_2014_Task_1,0.0,0.0,0.0,1.0,1.0,1.0,1.0
Holliday_2006_Task_1,0.0,0.0,0.0,1.0,1.0,1.0,1.0
Holliday_2008_Task_1,0.0,0.0,0.0,1.0,1.0,1.0,1.0
Hömberg_1993_Task_1,0.0,0.0,0.0,1.0,1.0,1.0,1.0
Hömberg_1993_Task_2,0.0,0.0,0.0,1.0,1.0,1.0,1.0
Horn_2020_Task_1,0.0,0.0,0.0,1.0,1.0,1.0,1.0
Horton_1980_Task_1,0.0,0.0,0.0,1.0,1.0,1.0,1.0
Howard_2019_Task_1,1.0,0.0,1.0,1.0,1.0,1.0,1.0
Howe_1985_Task_1,0.0,0.0,0.0,1.0,1.0,1.0,1.0
Howe_1993_Task_1,0.0,0.0,0.0,1.0,1.0,1.0,1.0
Howe_2004_Task_1,0.0,0.0,0.0,1.0,1.0,1.0,1.0
Howe_2005_Task_1,0.0,0.0,0.0,1.0,1.0,1.0,1.0
Howe_2006_Task_1,0.0,0.0,0.0,1.0,1.0,1.0,1.0
Howe_2006_Task_2,0.0,0.0,0.0,1.0,1.0,1.0,1.0
Howe_2008_Task_1,0.0,0.0,0.0,1.0,1.0,1.0,1.0
Howe_2008_Task_2,0.0,0.0,0.0,1.0,1.0,1.0,1.0
Howe_2008_Task_3,0.0,0.0,0.0,1.0,1.0,1.0,1.0
Howe_2009_Task_1,0.0,0.0,0.0,1.0,1.0,1.0,1.0
Howe_2011_Task_1,0.0,0.0,0.0,1.0,1.0,1.0,1.0
Hudson_1983_Task_1,0.0,0.0,0.0,1.0,1.0,1.0,1.0
Hudson_1986_Task_1,0.0,0.0,0.0,1.0,1.0,0.0,0.0
Hudson_1986_Task_2,0.0,0.0,0.0,1.0,1.0,0.0,0.0
Hudson_1990_Task_1,0.0,0.0,0.0,1.0,1.0,1.0,1.0
Hupbach_2011_Task_1,0.0,0.0,0.0,1.0,1.0,1.0,1.0
Hupbach_2011_Task_2,0.0,0.0,0.0,1.0,1.0,1.0,1.0
Huttenlocher_1976_Task_1,0.0,0.0,0.0,1.0,1.0,1.0,1.0
Imai_1994_Task_1,0.0,0.0,0.0,1.0,1.0,1.0,1.0
Jack_2012_Task_1,0.0,0.0,0.0,1.0,1.0,1.0,1.0
Jack_2012_Task_2,0.0,0.0,0.0,1.0,1.0,1.0,1.0
James_2021_Task_1,0.0,0.0,0.0,1.0,1.0,1.0,1.0
Janacsek_2012_Task_1,0.0,0.0,0.0,1.0,1.0,1.0,1.0
Jarrold_2008_Task_1,0.0,0.0,0.0,1.0,1.0,1.0,1.0
Jarrold_2008_Task_2,0.0,0.0,0.0,1.0,1.0,1.0,1.0
Jarrold_2008_Task_3,0.0,0.0,0.0,1.0,1.0,1.0,1.0
Jarrold_2008_Task_4,0.0,0.0,0.0,1.0,1.0,1.0,1.0
Jarrold_2015_Task_1,0.0,0.0,0.0,1.0,1.0,1.0,1.0
Jarrold_2015_Task_2,0.0,0.0,0.0,1.0,1.0,1.0,1.0
Jobson_2018_Task_1,0.0,0.0,0.0,1.0,1.0,1.0,0.0
Johnson_2018_Task_1,0.0,0.0,1.0,1.0,1.0,1.0,1.0
Jordan_2008_Task_1,0.0,0.0,0.0,1.0,1.0,1.0,1.0
Jost_2011_Task_1,0.0,0.0,1.0,1.0,1.0,1.0,1.0
Jung_2020_Task_1,0.0,0.0,0.0,1.0,1.0,1.0,1.0
Jung_2020_Task_2,0.0,0.0,0.0,1.0,1.0,1.0,1.0
Kallio_1982_Task_1,0.0,0.0,0.0,1.0,1.0,1.0,1.0
Kallio_1982_Task_2,0.0,0.0,0.0,1.0,1.0,1.0,1.0
Keresztes_2017_Task_1,0.0,0.0,0.0,1.0,1.0,1.0,1.0
Keresztes_2017_Task_2,0.0,0.0,0.0,1.0,1.0,1.0,1.0
Keresztes_2017_Task_3,0.0,0.0,0.0,1.0,1.0,1.0,1.0
Keresztes_2017_Task_4,0.0,0.0,0.0,1.0,1.0,1.0,1.0
Keresztes_2017_Task_5,0.0,0.0,0.0,1.0,1.0,1.0,1.0
Keresztes_2020_Task_1,0.0,1.0,0.0,1.0,1.0,1.0,1.0
Keresztes_2020_Task_2,0.0,1.0,0.0,1.0,1.0,1.0,1.0
Kingo_2014_Task_1,1.0,0.0,0.0,1.0,1.0,1.0,1.0
Kliegl_2018_Task_1,0.0,0.0,0.0,1.0,1.0,1.0,1.0
Kloos_2008_Task_1,0.0,0.0,0.0,1.0,1.0,1.0,1.0
Kloos_2008_Task_2,0.0,0.0,0.0,1.0,1.0,1.0,1.0
Knott_2011_Task_1,0.0,0.0,0.0,1.0,1.0,1.0,1.0
Knott_2011_Task_2,0.0,0.0,0.0,1.0,1.0,1.0,1.0
Kobasigawa_1974_Task_1,0.0,0.0,0.0,1.0,1.0,1.0,1.0
Koppenol-Gonzalez_2014_Task_1,0.0,0.0,0.0,1.0,1.0,1.0,1.0
Koski_2013_Task_1,1.0,0.0,0.0,1.0,1.0,1.0,1.0
Kreindel_2017_Task_1,0.0,0.0,0.0,1.0,1.0,1.0,1.0
Krøgaard_2014_Task_1,1.0,0.0,0.0,1.0,1.0,1.0,1.0
Krøgaard_2017_Task_1,0.0,0.0,0.0,1.0,1.0,1.0,1.0
Kulkofsky_2008_Task_1,0.0,0.0,0.0,1.0,1.0,1.0,1.0
Kulkofsky_2008_Task_2,0.0,0.0,0.0,1.0,1.0,1.0,0.0
Lambert_2017_Task_1,0.0,0.0,0.0,1.0,1.0,1.0,1.0
Lambert_2019_Task_1,0.0,0.0,1.0,1.0,1.0,1.0,1.0
Langnes_2019_Task_1,0.0,1.0,1.0,1.0,1.0,1.0,1.0
Langnes_2019_Task_2,0.0,1.0,1.0,1.0,1.0,1.0,1.0
Lee_1994_Task_1,0.0,0.0,0.0,1.0,1.0,1.0,1.0
Lee_2014_Task_1,0.0,1.0,1.0,1.0,1.0,1.0,1.0
Lee_2014_Task_2,0.0,1.0,1.0,1.0,1.0,1.0,1.0
Lee_2016_Task_1,0.0,0.0,0.0,1.0,1.0,1.0,1.0
Lee_2016_Task_2,0.0,0.0,0.0,1.0,1.0,1.0,1.0
Lee_2016_Task_3,0.0,0.0,0.0,1.0,1.0,1.0,1.0
Lee_2016_Task_4,0.0,0.0,0.0,1.0,1.0,1.0,1.0
Lee_2016_Task_5,0.0,0.0,0.0,1.0,1.0,1.0,1.0
Lee_2016_Task_6,0.0,0.0,0.0,1.0,1.0,1.0,1.0
Lee_2020_Task_1,0.0,1.0,0.0,1.0,1.0,1.0,1.0
Lee_2020_Task_2,0.0,1.0,0.0,1.0,1.0,1.0,1.0
Lee_2020_Task_3,0.0,1.0,0.0,1.0,1.0,1.0,1.0
Lee_2020_Task_4,0.0,1.0,0.0,1.0,1.0,1.0,1.0
Leventon_2014_Task_1,0.0,0.0,1.0,1.0,1.0,1.0,1.0
Lindberg_1980_Task_1,0.0,0.0,0.0,1.0,1.0,1.0,1.0
Lindsay_1991_Task_1,0.0,0.0,0.0,1.0,1.0,1.0,1.0
Lindsay_1991_Task_2,0.0,0.0,0.0,1.0,1.0,1.0,1.0
Lindsay_1991_Task_3,0.0,0.0,0.0,1.0,1.0,1.0,1.0
Lindsay_1991_Task_4,0.0,0.0,0.0,1.0,1.0,1.0,1.0
Lloyd_2009_Task_1,0.0,0.0,0.0,1.0,1.0,1.0,1.0
Lloyd_2009_Task_2,0.0,0.0,0.0,1.0,1.0,1.0,1.0
Lloyd_2009_Task_3,0.0,0.0,0.0,1.0,1.0,1.0,1.0
Lorsbach_2005_Task_1,0.0,0.0,0.0,1.0,1.0,1.0,1.0
Lorsbach_2005_Task_2,0.0,0.0,0.0,1.0,1.0,1.0,1.0
Loucks_2017_Task_1,0.0,0.0,0.0,1.0,1.0,1.0,1.0
Loucks_2019_Task_1,0.0,0.0,0.0,1.0,1.0,1.0,1.0
Loucks_2019_Task_2,0.0,0.0,0.0,1.0,1.0,1.0,1.0
Lucariello_1992_Task_1,0.0,0.0,0.0,1.0,1.0,0.0,1.0
Lucariello_1992_Task_2,0.0,0.0,0.0,1.0,1.0,0.0,1.0
Lyons_2010_Task_1,0.0,0.0,0.0,1.0,1.0,1.0,1.0
Mandler_1978_Task_1,0.0,0.0,0.0,1.0,1.0,1.0,1.0
Mandler_1978b_Task_1,0.0,0.0,0.0,1.0,1.0,1.0,1.0
Maril_2010_Task_1,0.0,1.0,1.0,1.0,1.0,1.0,1.0
Maril_2011_Task_1,0.0,1.0,1.0,1.0,1.0,1.0,1.0
Maril_2011_Task_2,0.0,1.0,1.0,1.0,1.0,1.0,1.0
Maril_2011_Task_3,0.0,1.0,1.0,1.0,1.0,1.0,1.0
Markham_1991_Task_1,0.0,0.0,0.0,1.0,1.0,1.0,1.0
Martin-Ordas_2017_Task_1,0.0,0.0,0.0,1.0,1.0,1.0,1.0
Mastroguiseppe_2019_Task_1,0.0,0.0,0.0,1.0,1.0,1.0,1.0
Matlen_2015_Task_1,0.0,0.0,0.0,1.0,1.0,1.0,1.0
Maylor_2010_Task_1,0.0,0.0,0.0,1.0,1.0,1.0,1.0
McCartney_1981_Task_1,0.0,0.0,0.0,1.0,1.0,1.0,1.0
McCormack_2000_Task_1,0.0,0.0,0.0,1.0,1.0,1.0,1.0
McCormack_2000_Task_2,0.0,0.0,0.0,1.0,1.0,1.0,1.0
McGeown_2014_Task_1,0.0,0.0,0.0,1.0,1.0,1.0,1.0
McGeown_2014_Task_2,0.0,0.0,0.0,1.0,1.0,1.0,1.0
Mecklenbräuker_2003_Task_1,0.0,0.0,0.0,1.0,1.0,1.0,1.0
Mecklenbräuker_2003_Task_2,0.0,0.0,0.0,1.0,1.0,1.0,1.0
Mecklenbräuker_2003_Task_3,0.0,0.0,0.0,1.0,1.0,1.0,1.0
Mecklenbräuker_2003_Task_4,0.0,0.0,0.0,1.0,1.0,1.0,1.0
Mecklinger_2011_Task_1,0.0,0.0,1.0,1.0,1.0,1.0,1.0
Melinder_2006_Task_1,0.0,0.0,0.0,1.0,1.0,1.0,1.0
Metzger_2008_Task_1,0.0,0.0,0.0,1.0,1.0,1.0,1.0
Metzger_2008_Task_2,0.0,0.0,0.0,1.0,1.0,1.0,1.0
Meulemans_1998_Task_1,0.0,0.0,0.0,1.0,1.0,1.0,1.0
Miller_2016_Task_1,0.0,0.0,0.0,1.0,1.0,1.0,1.0
Minda_2008_Task_1,0.0,0.0,0.0,1.0,1.0,1.0,1.0
Mirandola_2014_Task_1,0.0,0.0,0.0,1.0,1.0,1.0,1.0
Mirandola_2014_Task_2,0.0,0.0,0.0,1.0,1.0,1.0,1.0
Morgan_2011_Task_1,0.0,0.0,0.0,1.0,1.0,1.0,1.0
Murphy_2003_Task_1,0.0,0.0,0.0,1.0,1.0,0.0,1.0
Murphy_2003_Task_2,0.0,0.0,0.0,1.0,1.0,1.0,1.0
Murphy_2003_Task_3,0.0,0.0,0.0,1.0,1.0,0.0,1.0
Murphy_2003_Task_4,0.0,0.0,0.0,1.0,1.0,1.0,1.0
Naito_2003_Task_1,0.0,0.0,0.0,1.0,1.0,1.0,1.0
Naito_2003_Task_2,0.0,0.0,0.0,1.0,1.0,1.0,1.0
Naito_2003_Task_3,0.0,0.0,0.0,1.0,1.0,1.0,1.0
Naito_2003_Task_4,0.0,0.0,0.0,1.0,1.0,1.0,1.0
Naito_2003_Task_5,0.0,0.0,0.0,1.0,1.0,1.0,1.0
Namy_2002_Task_1,0.0,0.0,0.0,1.0,1.0,1.0,1.0
Naus_1977_Task_1,0.0,0.0,0.0,1.0,1.0,1.0,1.0
Newcombe_1995_Task_1,0.0,0.0,0.0,1.0,1.0,1.0,1.0
Newcombe_2014_Task_1,0.0,0.0,0.0,1.0,1.0,1.0,1.0
Ngo_2017_Task_1,0.0,1.0,0.0,1.0,1.0,1.0,1.0
Ngo_2017_Task_2,0.0,1.0,0.0,1.0,1.0,1.0,1.0
Ngo_2017_Task_3,0.0,1.0,0.0,1.0,1.0,1.0,1.0
Ngo_2018_Task_1,0.0,0.0,0.0,1.0,1.0,1.0,1.0
Ngo_2018_Task_2,0.0,0.0,0.0,1.0,1.0,1.0,1.0
Ngo_2019_Task_1,0.0,0.0,0.0,1.0,1.0,1.0,1.0
Ngo_2019b_Task_1,0.0,0.0,0.0,1.0,1.0,1.0,1.0
Ngo_2019b_Task_2,0.0,0.0,0.0,1.0,1.0,1.0,1.0
Ngo_2019c_Task_1,0.0,0.0,0.0,1.0,1.0,1.0,1.0
Ngo_2021_Task_1,0.0,0.0,0.0,1.0,1.0,1.0,1.0
Ngo_2021_Task_2,0.0,0.0,0.0,1.0,1.0,1.0,1.0
Ngo_2021_Task_3,0.0,0.0,0.0,1.0,1.0,1.0,1.0
Ngo_2021_Task_4,0.0,0.0,0.0,1.0,1.0,1.0,1.0
Nguyen_2007_Task_1,0.0,0.0,0.0,1.0,1.0,1.0,1.0
Nguyen_2007_Task_2,0.0,0.0,0.0,1.0,1.0,1.0,1.0
Nguyen_2007_Task_3,0.0,0.0,0.0,1.0,1.0,1.0,1.0
Nolden_2021_Task_1,0.0,1.0,1.0,1.0,1.0,1.0,1.0
Nolden_2021_Task_2,0.0,1.0,1.0,1.0,1.0,1.0,1.0
Nolden_2021_Task_3,0.0,1.0,1.0,1.0,1.0,1.0,1.0
Ofen_2007_Task_1,0.0,1.0,1.0,1.0,1.0,1.0,1.0
Ofen_2012_Task_1,0.0,0.0,1.0,1.0,1.0,1.0,1.0
Ornstein_1992_Task_1,0.0,0.0,0.0,1.0,1.0,1.0,1.0
Otgaar_2013_Task_1,0.0,0.0,0.0,0.0,0.0,1.0,1.0
Otgaar_2013_Task_2,0.0,0.0,0.0,1.0,1.0,1.0,1.0
Otgaar_2014_Task_1,0.0,0.0,0.0,1.0,1.0,1.0,1.0
Otgaar_2014_Task_2,0.0,0.0,0.0,1.0,1.0,1.0,1.0
Otgaar_2017_Task_1,0.0,0.0,0.0,1.0,1.0,1.0,1.0
Otgaar_2017_Task_2,0.0,0.0,0.0,1.0,1.0,1.0,1.0
Ouwehand_2019_Task_1,0.0,0.0,0.0,1.0,1.0,1.0,1.0
Ouwehand_2019_Task_2,0.0,0.0,0.0,1.0,1.0,1.0,1.0
Owings_1979_Task_1,0.0,0.0,0.0,1.0,1.0,1.0,1.0
Paris_1976_Task_1,0.0,0.0,0.0,1.0,1.0,1.0,1.0
Parkin_1988_Task_1,0.0,0.0,0.0,1.0,1.0,0.0,1.0
Parkin_1988_Task_2,0.0,0.0,0.0,1.0,1.0,1.0,1.0
Pathman_2011_Task_1,0.0,0.0,0.0,1.0,1.0,1.0,1.0
Pathman_2013_Task_1,0.0,0.0,0.0,1.0,1.0,1.0,1.0
Pathman_2013_Task_2,0.0,0.0,0.0,0.0,0.0,1.0,1.0
Pathman_2013b_Task_1,0.0,0.0,0.0,1.0,1.0,1.0,1.0
Pathman_2013b_Task_2,0.0,0.0,0.0,1.0,1.0,1.0,1.0
Pathman_2013b_Task_3,0.0,0.0,0.0,1.0,1.0,1.0,1.0
Pathman_2013b_Task_4,0.0,0.0,0.0,1.0,1.0,1.0,1.0
Pathman_2013b_Task_5,0.0,0.0,0.0,1.0,1.0,1.0,1.0
Pathman_2014_Task_1,1.0,0.0,0.0,1.0,1.0,1.0,1.0
Pathman_2018_Task_1,0.0,0.0,0.0,1.0,1.0,1.0,1.0
Pathman_2018_Task_2,0.0,0.0,0.0,1.0,1.0,1.0,1.0
Paz-Alonso_2008_Task_1,0.0,1.0,1.0,1.0,1.0,1.0,1.0
Paz-Alonso_2009_Task_1,0.0,0.0,0.0,1.0,1.0,1.0,1.0
Paz-Alonso_2013_Task_1,0.0,0.0,1.0,1.0,1.0,1.0,1.0
Paz-Alonso_2013b_Task_1,0.0,1.0,1.0,1.0,1.0,1.0,1.0
Pentland_2003_Task_1,0.0,0.0,0.0,1.0,1.0,1.0,1.0
Pentland_2003_Task_2,0.0,0.0,0.0,1.0,1.0,1.0,1.0
Perez_1998_Task_1,0.0,0.0,0.0,1.0,1.0,1.0,1.0
Perez_1998_Task_2,0.0,0.0,0.0,1.0,1.0,1.0,1.0
Perlmutter_1981_Task_1,0.0,0.0,0.0,1.0,1.0,1.0,1.0
Perner_1981_Task_1,0.0,0.0,0.0,1.0,1.0,1.0,1.0
Perner_1981_Task_2,0.0,0.0,0.0,1.0,1.0,1.0,1.0
Perner_1995_Task_1,0.0,0.0,0.0,1.0,1.0,1.0,0.0
Perner_1995_Task_2,0.0,0.0,0.0,1.0,1.0,1.0,0.0
Perner_1995_Task_3,0.0,0.0,0.0,1.0,1.0,1.0,0.0
Perruchet_1995_Task_1,0.0,0.0,0.0,0.0,0.0,1.0,1.0
Perruchet_1995_Task_2,0.0,0.0,0.0,1.0,1.0,1.0,1.0
Picard_2012_Task_1,0.0,0.0,0.0,1.0,1.0,1.0,1.0
Picard_2012_Task_3,0.0,0.0,0.0,1.0,1.0,1.0,1.0
Pierce_1996_Task_1,0.0,0.0,0.0,1.0,1.0,1.0,0.0
Pipe_1994_Task_1,0.0,0.0,0.0,1.0,1.0,1.0,1.0
Pipe_1999_Task_1,0.0,0.0,0.0,1.0,1.0,1.0,1.0
Pipe_1999_Task_2,0.0,0.0,0.0,1.0,1.0,1.0,1.0
Pirogovsky_2009_Task_1,0.0,0.0,0.0,1.0,1.0,1.0,1.0
Pirogovsky_2009_Task_2,0.0,0.0,0.0,1.0,1.0,1.0,0.0
Pirogovsky_2009_Task_3,0.0,0.0,0.0,1.0,1.0,1.0,0.0
Powell_1999_Task_1,0.0,0.0,0.0,1.0,1.0,1.0,1.0
Powell_2002_Task_1,0.0,0.0,0.0,1.0,1.0,1.0,1.0
Prabhakar_2020_Task_1,0.0,0.0,0.0,1.0,1.0,1.0,1.0
Prabhakar_2020_Task_2,0.0,0.0,0.0,1.0,1.0,1.0,1.0
Prete_2014_Task_1,0.0,0.0,0.0,1.0,1.0,1.0,0.0
Price_1990_Task_1,0.0,0.0,0.0,1.0,1.0,1.0,1.0
Price_2004_Task_1,0.0,0.0,0.0,1.0,1.0,1.0,1.0
Price_2006_Task_1,0.0,0.0,0.0,0.0,0.0,1.0,0.0
Price_2007_Task_1,0.0,0.0,0.0,1.0,1.0,1.0,1.0
Price_2013_Task_1,0.0,0.0,0.0,1.0,1.0,1.0,1.0
Pudhiyidath_2020_Task_1,0.0,0.0,0.0,1.0,1.0,1.0,1.0
Pudhiyidath_2020_Task_2,0.0,0.0,0.0,1.0,1.0,1.0,1.0
Rabi_2014_Task_1,0.0,0.0,0.0,1.0,1.0,1.0,1.0
Rabi_2015_Task_1,0.0,0.0,0.0,1.0,1.0,1.0,1.0
Raffington_2018_Task_1,0.0,1.0,0.0,1.0,1.0,1.0,1.0
Raffington_2018_Task_2,0.0,1.0,0.0,1.0,1.0,1.0,1.0
Raffington_2019_Task_1,0.0,1.0,0.0,1.0,1.0,1.0,1.0
Raffington_2019_Task_2,0.0,1.0,0.0,1.0,1.0,1.0,1.0
Ratner_1984_Task_1,0.0,0.0,0.0,1.0,1.0,1.0,0.0
Ratner_1984_Task_2,0.0,0.0,0.0,1.0,1.0,1.0,0.0
Ratner_1984_Task_3,0.0,0.0,0.0,1.0,1.0,1.0,1.0
Ratner_1986_Task_1,0.0,0.0,0.0,1.0,1.0,1.0,1.0
Reese_2007_Task_1,0.0,0.0,0.0,1.0,1.0,1.0,0.0
Renner_2000_Task_1,0.0,0.0,0.0,1.0,1.0,1.0,1.0
Reyna_1994_Task_1,0.0,0.0,0.0,1.0,1.0,1.0,1.0
Ribordy_2015_Task_1,0.0,0.0,0.0,1.0,1.0,1.0,1.0
Richmond_2015_Task_1,0.0,0.0,0.0,1.0,1.0,1.0,1.0
Richmond_2015_Task_2,0.0,0.0,0.0,1.0,1.0,1.0,1.0
Richmond_2015_Task_3,0.0,0.0,0.0,1.0,0.0,1.0,0.0
Riggins_2009_Task_1,1.0,0.0,1.0,1.0,1.0,1.0,1.0
Riggins_2009_Task_2,1.0,0.0,1.0,1.0,1.0,1.0,1.0
Riggins_2014_Task_1,0.0,0.0,0.0,1.0,1.0,1.0,1.0
Riggins_2014_Task_2,0.0,0.0,0.0,1.0,1.0,1.0,1.0
Riggins_2015_Task_1,0.0,0.0,1.0,1.0,1.0,1.0,1.0
Riggins_2015_Task_2,0.0,0.0,1.0,1.0,1.0,1.0,1.0
Riggins_2015b_Task_1,0.0,1.0,0.0,1.0,1.0,1.0,1.0
Riggins_2015b_Task_2,0.0,1.0,0.0,1.0,1.0,1.0,1.0
Riggins_2016_Task_1,0.0,0.0,1.0,1.0,1.0,1.0,1.0
Riggins_2016_Task_2,0.0,0.0,1.0,1.0,1.0,1.0,1.0
Riggins_2018_Task_1,0.0,1.0,0.0,1.0,1.0,1.0,1.0
Riggins_2018_Task_2,0.0,1.0,0.0,1.0,1.0,1.0,1.0
Roberts_1995_Task_1,0.0,0.0,0.0,1.0,1.0,1.0,1.0
Roberts_1998_Task_1,0.0,0.0,0.0,1.0,1.0,1.0,1.0
Roberts_2006_Task_1,0.0,0.0,0.0,1.0,1.0,1.0,1.0
Roberts_2007_Task_1,0.0,0.0,0.0,1.0,1.0,1.0,1.0
Roberts_2015_Task_1,0.0,0.0,0.0,1.0,1.0,1.0,1.0
Roberts_2015_Task_2,0.0,0.0,0.0,1.0,1.0,1.0,1.0
Roberts_2016_Task_1,0.0,0.0,0.0,1.0,1.0,1.0,1.0
Robey_2016_Task_1,0.0,0.0,1.0,1.0,1.0,1.0,1.0
Robey_2016_Task_2,0.0,0.0,1.0,1.0,1.0,1.0,1.0
Robey_2018_Task_1,0.0,0.0,0.0,1.0,1.0,1.0,1.0
Robinson_2020_Task_1,0.0,0.0,0.0,1.0,1.0,1.0,1.0
Robinson_2020_Task_2,0.0,0.0,0.0,1.0,1.0,1.0,1.0
Rollins_2013_Task_1,0.0,0.0,1.0,1.0,1.0,1.0,1.0
Rollins_2013_Task_2,0.0,0.0,1.0,1.0,1.0,1.0,1.0
Rollins_2018_Task_1,0.0,0.0,0.0,0.0,0.0,1.0,1.0
Rollins_2018b_Task_1,0.0,0.0,1.0,1.0,1.0,1.0,1.0
Rosen_2018_Task_1,0.0,0.0,1.0,1.0,1.0,1.0,1.0
Rosen_2019_Task_1,0.0,0.0,0.0,1.0,1.0,1.0,1.0
Rosen_2019_Task_2,0.0,0.0,0.0,1.0,1.0,1.0,1.0
Ruffman_2001_Task_1,0.0,0.0,0.0,1.0,1.0,1.0,1.0
Ruffman_2001_Task_2,0.0,0.0,0.0,1.0,1.0,1.0,1.0
Russell_2003_Task_1,0.0,0.0,0.0,1.0,1.0,1.0,1.0
Russo_1995_Task_1,0.0,0.0,0.0,1.0,1.0,1.0,1.0
Russo_1995_Task_2,0.0,0.0,0.0,1.0,1.0,1.0,1.0
Saffran_2002_Task_1,0.0,0.0,0.0,1.0,1.0,1.0,1.0
Saragosa-Harris_2021_Task_1,0.0,0.0,0.0,1.0,1.0,1.0,1.0
Sastre_2016_Task_1,0.0,0.0,1.0,1.0,1.0,1.0,1.0
Sastre_2016_Task_2,0.0,0.0,1.0,1.0,1.0,1.0,1.0
Sauzéon_2012_Task_1,0.0,0.0,0.0,1.0,1.0,0.0,1.0
Sauzéon_2012_Task_2,0.0,0.0,0.0,1.0,1.0,0.0,1.0
Savic_2019_Task_1,0.0,0.0,0.0,1.0,1.0,1.0,1.0
Savic_2019_Task_2,0.0,0.0,0.0,1.0,1.0,1.0,1.0
Scales_2021_Task_1,0.0,0.0,0.0,1.0,1.0,1.0,1.0
Scarf_2013_Task_1,0.0,0.0,0.0,1.0,1.0,1.0,1.0
Schlichting_2016_Task_1,0.0,1.0,0.0,1.0,1.0,1.0,1.0
Schlichting_2016_Task_2,0.0,1.0,0.0,1.0,1.0,1.0,1.0
Schlichting_2016_Task_3,0.0,1.0,0.0,1.0,1.0,1.0,1.0
Schneider_2004_Task_1,0.0,0.0,0.0,1.0,1.0,1.0,1.0
Schneider_2004_Task_2,0.0,0.0,0.0,1.0,1.0,1.0,1.0
Schneider_2004_Task_3,0.0,0.0,0.0,1.0,1.0,1.0,1.0
Schneider_2009_Task_1,0.0,0.0,0.0,1.0,1.0,1.0,1.0
Schneider_2009_Task_2,0.0,0.0,0.0,1.0,1.0,1.0,1.0
Schneider_2009_Task_3,0.0,0.0,0.0,1.0,1.0,1.0,1.0
Schneider_2009b_Task_1,0.0,0.0,0.0,1.0,1.0,1.0,1.0
Schneider_2009b_Task_2,0.0,0.0,0.0,1.0,1.0,1.0,1.0
Selmeczy_2019_Task_1,0.0,0.0,0.0,1.0,1.0,1.0,1.0
Selmeczy_2019b_Task_1,0.0,0.0,1.0,1.0,1.0,1.0,1.0
Shing_2008_Task_1,0.0,0.0,0.0,1.0,1.0,1.0,1.0
Shing_2008_Task_2,0.0,0.0,0.0,1.0,1.0,1.0,1.0
Shing_2019_Task_1,0.0,0.0,0.0,1.0,1.0,1.0,1.0
Shing_2019_Task_2,0.0,0.0,0.0,1.0,1.0,1.0,1.0
Shufaniya_2018_Task_1,0.0,0.0,0.0,1.0,1.0,1.0,1.0
Shufaniya_2018_Task_2,0.0,0.0,0.0,1.0,1.0,1.0,1.0
Simcock_2002_Task_1,0.0,0.0,0.0,1.0,1.0,1.0,1.0
Simcock_2002_Task_2,0.0,0.0,0.0,1.0,1.0,1.0,1.0
Simcock_2002_Task_3,0.0,0.0,0.0,1.0,1.0,1.0,1.0
Slackman_1984_Task_1,0.0,0.0,0.0,1.0,1.0,1.0,1.0
Slone_2017_Task_1,0.0,0.0,0.0,1.0,1.0,1.0,1.0
Sloutsky_2001_Task_1,0.0,0.0,0.0,1.0,1.0,1.0,1.0
Sloutsky_2004_Task_1,0.0,0.0,0.0,1.0,1.0,1.0,1.0
Sloutsky_2004b_Task_1,0.0,0.0,0.0,1.0,1.0,1.0,1.0
Sloutsky_2004b_Task_2,0.0,0.0,0.0,1.0,1.0,1.0,1.0
Sloutsky_2004c_Task_1,0.0,0.0,0.0,1.0,1.0,1.0,1.0
Sloutsky_2004c_Task_2,0.0,0.0,0.0,1.0,1.0,1.0,1.0
Sloutsky_2007_Task_1,0.0,0.0,0.0,1.0,1.0,1.0,1.0
Sloutsky_2007_Task_2,0.0,0.0,0.0,1.0,1.0,1.0,0.0
Sloutsky_2007_Task_3,0.0,0.0,0.0,1.0,1.0,1.0,0.0
Sloutsky_2008_Task_1,0.0,0.0,0.0,1.0,1.0,1.0,1.0
Sloutsky_2008_Task_2,0.0,0.0,0.0,1.0,1.0,1.0,1.0
Sloutsky_2008_Task_3,0.0,0.0,0.0,1.0,1.0,1.0,1.0
Sloutsky_2015_Task_1,0.0,0.0,0.0,1.0,1.0,1.0,1.0
Sloutsky_2017_Task_1,0.0,0.0,0.0,1.0,1.0,1.0,0.0
Sluzenski_2004_Task_1,0.0,0.0,0.0,1.0,1.0,1.0,1.0
Sluzenski_2004_Task_2,0.0,0.0,0.0,1.0,1.0,0.0,1.0
Sluzenski_2006_Task_1,0.0,0.0,0.0,1.0,1.0,1.0,1.0
Sluzenski_2006_Task_2,0.0,0.0,0.0,1.0,1.0,1.0,1.0
Sluzenski_2006_Task_3,0.0,0.0,0.0,1.0,1.0,1.0,1.0
Sluzenski_2006_Task_4,0.0,0.0,0.0,1.0,1.0,1.0,1.0
Smalle_2018_Task_1,0.0,0.0,0.0,1.0,1.0,1.0,1.0
Smiley_1979_Task_1,0.0,0.0,0.0,1.0,1.0,1.0,1.0
Smith_1987_Task_1,0.0,0.0,0.0,1.0,1.0,1.0,1.0
Sodian_1986_Task_1,0.0,0.0,0.0,1.0,1.0,1.0,1.0
Sodian_1986_Task_2,0.0,0.0,0.0,1.0,1.0,1.0,0.0
Sommer_2021_Task_1,0.0,0.0,1.0,1.0,1.0,1.0,1.0
Sonne_2019_Task_1,0.0,0.0,0.0,1.0,1.0,1.0,1.0
Sprondel_2011_Task_1,0.0,0.0,1.0,1.0,1.0,1.0,1.0
Strange_2013_Task_1,0.0,0.0,0.0,1.0,1.0,1.0,1.0
Sugrue_2006_Task_1,0.0,0.0,0.0,1.0,1.0,1.0,1.0
Tamnes_2014_Task_1,0.0,1.0,0.0,1.0,1.0,1.0,1.0
Tang_2018_Task_1,0.0,1.0,1.0,1.0,1.0,1.0,1.0
Thomas_2001_Task_1,0.0,0.0,0.0,1.0,1.0,1.0,1.0
Townsend_2010_Task_1,0.0,0.0,0.0,1.0,1.0,1.0,1.0
Townsend_2010_Task_2,0.0,0.0,0.0,1.0,1.0,1.0,1.0
Townsend_2010_Task_3,0.0,0.0,0.0,1.0,1.0,1.0,1.0
Tustin_2016_Task_1,0.0,0.0,0.0,1.0,1.0,1.0,1.0
Tustin_2019_Task_1,0.0,0.0,0.0,1.0,1.0,1.0,0.0
Tversky_1985_Task_1,0.0,0.0,0.0,1.0,1.0,0.0,1.0
Unger_2016_Task_1,0.0,0.0,0.0,1.0,1.0,1.0,1.0
Unger_2020_Task_1,1.0,0.0,0.0,1.0,1.0,1.0,0.0
Unger_2020_Task_2,1.0,0.0,0.0,1.0,1.0,1.0,1.0
Unger_2020_Task_3,1.0,0.0,0.0,1.0,1.0,1.0,1.0
Vakil_1998_Task_1,0.0,0.0,0.0,1.0,1.0,1.0,1.0
Vakil_1998_Task_2,0.0,0.0,0.0,1.0,1.0,1.0,0.0
Valentino_2014_Task_1,0.0,0.0,0.0,1.0,1.0,1.0,0.0
Valentino_2014_Task_2,0.0,0.0,0.0,1.0,1.0,1.0,0.0
van Witteloostujin_2019_Task_1,0.0,0.0,0.0,0.0,0.0,1.0,1.0
van Witteloostujin_2019b_Task_1,0.0,0.0,0.0,1.0,1.0,1.0,1.0
van Witteloostujin_2019b_Task_2,0.0,0.0,0.0,1.0,1.0,1.0,1.0
van Witteloostujin_2019b_Task_3,0.0,0.0,0.0,1.0,1.0,1.0,1.0
Varga_2013_Task_1,0.0,0.0,0.0,1.0,1.0,1.0,1.0
Varga_2013_Task_2,0.0,0.0,0.0,1.0,1.0,1.0,1.0
Varga_2016_Task_1,0.0,0.0,0.0,1.0,1.0,1.0,1.0
Varga_2016_Task_2,0.0,0.0,0.0,1.0,1.0,1.0,1.0
Varga_2016_Task_3,0.0,0.0,0.0,1.0,1.0,1.0,1.0
Varga_2019_Task_1,0.0,0.0,0.0,1.0,1.0,1.0,1.0
Varga_2019_Task_2,0.0,0.0,0.0,1.0,1.0,1.0,1.0
Vicari_2001_Task_1,0.0,0.0,0.0,1.0,1.0,1.0,1.0
Vicari_2001_Task_2,0.0,0.0,0.0,1.0,1.0,1.0,1.0
Vicari_2001_Task_3,0.0,0.0,0.0,1.0,1.0,1.0,1.0
Vicari_2001_Task_4,0.0,0.0,0.0,1.0,1.0,1.0,1.0
Vicari_2001b_Task_1,0.0,0.0,0.0,1.0,1.0,1.0,1.0
Vicari_2001b_Task_2,0.0,0.0,0.0,1.0,1.0,1.0,1.0
Vicari_2001b_Task_3,0.0,0.0,0.0,1.0,1.0,1.0,1.0
Vicari_2007_Task_1,0.0,0.0,0.0,1.0,1.0,1.0,1.0
Vieites_2020_Task_1,0.0,0.0,0.0,1.0,1.0,1.0,1.0
Visser_2012_Task_1,0.0,0.0,0.0,1.0,1.0,1.0,1.0
Vlach_2011_Task_1,0.0,0.0,0.0,1.0,1.0,1.0,1.0
Vlach_2016_Task_1,0.0,0.0,0.0,1.0,1.0,1.0,1.0
Vlach_2016_Task_2,0.0,0.0,0.0,1.0,1.0,1.0,1.0
Vöhringer_2018_Task_1,0.0,0.0,0.0,1.0,1.0,1.0,1.0
Wang_2008_Task_1,0.0,0.0,0.0,1.0,1.0,1.0,0.0
Wang_2014_Task_1,0.0,0.0,0.0,1.0,1.0,1.0,0.0
Wang_2014_Task_2,0.0,0.0,0.0,1.0,1.0,1.0,0.0
Waxman_1997_Task_1,0.0,0.0,0.0,1.0,1.0,1.0,1.0
Weighall_2017_Task_1,1.0,0.0,0.0,1.0,1.0,1.0,1.0
Weighall_2017_Task_2,1.0,0.0,0.0,1.0,1.0,1.0,1.0
Weintraub_2013_Task_1,0.0,0.0,0.0,1.0,1.0,1.0,1.0
Wendelken_2015_Task_1,0.0,1.0,0.0,1.0,1.0,1.0,1.0
Wenner_2008_Task_1,0.0,0.0,0.0,1.0,1.0,1.0,1.0
Wilburn_2008_Task_1,0.0,0.0,0.0,1.0,1.0,1.0,1.0
Wimmer_2009_Task_1,0.0,0.0,0.0,1.0,1.0,1.0,1.0
Wimmer_2009_Task_2,0.0,0.0,0.0,1.0,1.0,1.0,1.0
Wimmer_2009_Task_3,0.0,0.0,0.0,1.0,1.0,1.0,1.0
Wimmer_2010_Task_1,0.0,0.0,0.0,1.0,1.0,1.0,1.0
Wimmer_2010_Task_2,0.0,0.0,0.0,1.0,1.0,1.0,1.0
Wright_2002_Task_1,0.0,0.0,0.0,1.0,1.0,1.0,1.0
Wright_2002_Task_2,0.0,0.0,0.0,1.0,1.0,1.0,1.0
Wright_2021_Task_1,0.0,0.0,0.0,1.0,1.0,1.0,1.0
Wright_2021_Task_2,0.0,0.0,0.0,1.0,1.0,1.0,1.0
Wyatt_1998_Task_1,0.0,0.0,0.0,1.0,1.0,1.0,1.0
Yim_2013_Task_1,0.0,0.0,0.0,1.0,1.0,1.0,1.0
Yim_2013_Task_2,0.0,0.0,0.0,1.0,1.0,1.0,1.0
Yu_2017_Task_1,0.0,1.0,0.0,1.0,1.0,1.0,1.0
Yu_2018_Task_1,0.0,1.0,0.0,1.0,1.0,1.0,1.0
Zinke_2017_Task_1,0.0,0.0,1.0,1.0,1.0,1.0,1.0
